{
    "p_err": 1.2935924626142024e-06,
    "p_err_tol": 1e-05,
    "p_passed": true,
    "v_err": 0.7174753523438375,
    "v_err_tol": 1e-05,
    "v_passed": false,
    "q_err": 7.941297098198637e-08,
    "q_err_tol": 0.0001,
    "q_passed": true,
    "a_b_err": 7.877980334737341e-06,
    "a_b_err_tol": 1e-05,
    "a_b_passed": true,
    "w_b_err": 2.0812935716891614e-08,
    "w_b_err_tol": 1e-05,
    "w_b_passed": true,
    "g_err": 0.0,
    "g_err_tol": 1e-05,
    "g_passed": true,
    "inno_err": 1.2412670766236366e-16,
    "inno_err_tol": 1e-05,
    "inno_passed": true,
    "cov_err": 6.336793375986711e-10,
    "cov_err_tol": 1e-05,
    "cov_passed": true,
    "passed": false,
    "test_type": "measurement_update_step"
}