{
    "p_err": 4.338349254320597e-06,
    "p_err_tol": 1e-05,
    "p_passed": true,
    "v_err": 0.681310825081618,
    "v_err_tol": 1e-05,
    "v_passed": false,
    "q_err": 3.6304256289140665e-07,
    "q_err_tol": 0.0001,
    "q_passed": true,
    "a_b_err": 8.479924992221237e-05,
    "a_b_err_tol": 1e-05,
    "a_b_passed": false,
    "w_b_err": 1.105081311118662e-06,
    "w_b_err_tol": 1e-05,
    "w_b_passed": true,
    "g_err": 0.0,
    "g_err_tol": 1e-05,
    "g_passed": true,
    "inno_err": 2.7755575615628914e-17,
    "inno_err_tol": 1e-05,
    "inno_passed": true,
    "cov_err": 1.4949574069950616e-08,
    "cov_err_tol": 1e-05,
    "cov_passed": true,
    "passed": false,
    "test_type": "measurement_update_step"
}