{
    "p_err": 1.1022939660637794e-08,
    "p_err_tol": 1e-05,
    "p_passed": true,
    "v_err": 0.4867861554181995,
    "v_err_tol": 1e-05,
    "v_passed": false,
    "q_err": 7.25372907502536e-10,
    "q_err_tol": 0.0001,
    "q_passed": true,
    "a_b_err": 9.450683608742144e-08,
    "a_b_err_tol": 1e-05,
    "a_b_passed": true,
    "w_b_err": 1.980714596841937e-10,
    "w_b_err_tol": 1e-05,
    "w_b_passed": true,
    "g_err": 0.0,
    "g_err_tol": 1e-05,
    "g_passed": true,
    "inno_err": 5.0515910130503314e-17,
    "inno_err_tol": 1e-05,
    "inno_passed": true,
    "cov_err": 1.5891793988590234e-11,
    "cov_err_tol": 1e-05,
    "cov_passed": true,
    "passed": false,
    "test_type": "measurement_update_step"
}