{
    "p_err": 1.8954938869847035e-06,
    "p_err_tol": 1e-05,
    "p_passed": true,
    "v_err": 0.5149054220039092,
    "v_err_tol": 1e-05,
    "v_passed": false,
    "q_err": 9.267845821852418e-08,
    "q_err_tol": 0.0001,
    "q_passed": true,
    "a_b_err": 1.5385266192650942e-05,
    "a_b_err_tol": 1e-05,
    "a_b_passed": false,
    "w_b_err": 2.532253954145064e-08,
    "w_b_err_tol": 1e-05,
    "w_b_passed": true,
    "g_err": 0.0,
    "g_err_tol": 1e-05,
    "g_passed": true,
    "inno_err": 5.928593550334434e-17,
    "inno_err_tol": 1e-05,
    "inno_passed": true,
    "cov_err": 3.620933443239199e-10,
    "cov_err_tol": 1e-05,
    "cov_passed": true,
    "passed": false,
    "test_type": "measurement_update_step"
}