{
    "p_err": 1.5735754497746775e-07,
    "p_err_tol": 1e-05,
    "p_passed": true,
    "v_err": 0.5118027710982722,
    "v_err_tol": 1e-05,
    "v_passed": false,
    "q_err": 4.439840112690417e-08,
    "q_err_tol": 0.0001,
    "q_passed": true,
    "a_b_err": 1.5514872950545515e-06,
    "a_b_err_tol": 1e-05,
    "a_b_passed": true,
    "w_b_err": 2.1525910956312703e-08,
    "w_b_err_tol": 1e-05,
    "w_b_passed": true,
    "g_err": 0.0,
    "g_err_tol": 1e-05,
    "g_passed": true,
    "inno_err": 0.0,
    "inno_err_tol": 1e-05,
    "inno_passed": true,
    "cov_err": 9.142195031052044e-11,
    "cov_err_tol": 1e-05,
    "cov_passed": true,
    "passed": false,
    "test_type": "measurement_update_step"
}