{
    "computed_rotation": [
        -0.15842030208849278,
        -0.1423888429814186,
        0.6797245442567909,
        -0.701856801075192
    ],
    "true_rotation": [
        0.6648230670304232,
        0.2634559331130384,
        -0.2047562526050874,
        -0.668338340865554
    ],
    "error": 2.7652449356136883,
    "tol": 0.0001,
    "passed": false,
    "test_type": "complementary_filter_update"
}