{
    "computed_rotation": [
        0.5870177841492815,
        0.735598236711011,
        0.1319635453851449,
        -0.31127315645506926
    ],
    "true_rotation": [
        0.6648230670304232,
        0.2634559331130384,
        -0.2047562526050874,
        -0.668338340865554
    ],
    "error": 1.3992736288238314,
    "tol": 0.0001,
    "passed": false,
    "test_type": "complementary_filter_update"
}