{
    "computed_rotation": [0.0, 0.0, 0.0, 1.0],
    "true_rotation": [
        -0.05603047520209577,
        -0.6592385982924205,
        -0.3330662695897326,
        -0.6718124116385852
    ],
    "error": 1.6682868520916536,
    "tol": 0.0001,
    "passed": false,
    "test_type": "complementary_filter_update"
}