{
    "computed_rotation": [
        0.2821560483111638,
        -0.33025269164575627,
        0.12503692881626194,
        0.8920128309023129
    ],
    "true_rotation": [
        -0.6089224365627388,
        0.23629720048796216,
        0.2741684296479868,
        0.7058390549384514
    ],
    "error": 2.28779545060086,
    "tol": 0.0001,
    "passed": false,
    "test_type": "complementary_filter_update"
}