{
    "computed_rotation": [
        0.6648230670304244,
        0.2634559331130458,
        -0.20475625260508346,
        -0.6683383408655512
    ],
    "true_rotation": [
        0.6648230670304232,
        0.2634559331130384,
        -0.2047562526050874,
        -0.668338340865554
    ],
    "error": 1.791927669815295e-14,
    "tol": 0.0001,
    "passed": true,
    "test_type": "complementary_filter_update"
}