{
    "computed_rotation": [
        0.27617509369848026,
        -0.2303869350175579,
        -0.831772468108893,
        -0.42285191153628704
    ],
    "true_rotation": [
        -0.08652688291233401,
        -0.23466236808500984,
        0.9671190747074023,
        -0.046123387509035996
    ],
    "error": 1.431037361876859,
    "tol": 0.0001,
    "passed": false,
    "test_type": "complementary_filter_update"
}