{
    "computed_rotation": [
        0.7515996702764672,
        0.35088577195565485,
        -0.1778590042114555,
        0.5294745369706645
    ],
    "true_rotation": [
        -0.6089224365627388,
        0.23629720048796216,
        0.2741684296479868,
        0.7058390549384514
    ],
    "error": 3.0419672704846556,
    "tol": 0.0001,
    "passed": false,
    "test_type": "complementary_filter_update"
}