{
    "computed_rotation": [0.0, 0.0, 0.0, 1.0],
    "true_rotation": [
        -0.6089224365627388,
        0.23629720048796216,
        0.2741684296479868,
        0.7058390549384514
    ],
    "error": 1.5743787915050034,
    "tol": 0.0001,
    "passed": false,
    "test_type": "complementary_filter_update"
}