{
    "computed_rotation": [
        0.6714293632947831,
        -0.20247694212458867,
        0.524471964036029,
        -0.48281969404077607
    ],
    "true_rotation": [
        -0.08652688291233401,
        -0.23466236808500984,
        0.9671190747074023,
        -0.046123387509035996
    ],
    "error": 2.0504345905293726,
    "tol": 0.0001,
    "passed": false,
    "test_type": "complementary_filter_update"
}