{
    "computed_rotation": [
        0.5980959272442993,
        0.7193245267096022,
        0.11570262077144434,
        -0.33386582729355213
    ],
    "true_rotation": [
        0.6648230670304232,
        0.2634559331130384,
        -0.2047562526050874,
        -0.668338340865554
    ],
    "error": 1.3310821937940862,
    "tol": 0.0001,
    "passed": false,
    "test_type": "complementary_filter_update"
}