{
    "computed_rotation": [
        -0.03807090818843278,
        -0.07907058853625683,
        0.9954597698325316,
        -0.03685504881561307
    ],
    "true_rotation": [
        0.6648230670304232,
        0.2634559331130384,
        -0.2047562526050874,
        -0.668338340865554
    ],
    "error": 2.6870148093276,
    "tol": 0.0001,
    "passed": false,
    "test_type": "complementary_filter_update"
}