{
    "computed_rotation": [0.0, 0.0, 0.0, 1.0],
    "true_rotation": [
        -0.08652688291233401,
        -0.23466236808500984,
        0.9671190747074023,
        -0.046123387509035996
    ],
    "error": 3.0493131400987386,
    "tol": 0.0001,
    "passed": false,
    "test_type": "complementary_filter_update"
}