{
    "computed_rotation": [-0.4300122354958752, 0.481199921806143, 0.5888573105795931, 0.4866037200377432],
    "true_rotation": [
        -0.6089224365627388,
        0.23629720048796216,
        0.2741684296479868,
        0.7058390549384514
    ],
    "error": 0.9879283531107557,
    "tol": 0.0001,
    "passed": false,
    "test_type": "complementary_filter_update"
}