{
    "computed_rotation": [0.0, 0.0, 0.0, 1.0],
    "true_rotation": [
        0.6648230670304232,
        0.2634559331130384,
        -0.2047562526050874,
        -0.668338340865554
    ],
    "error": 1.6776472566870129,
    "tol": 0.0001,
    "passed": false,
    "test_type": "complementary_filter_update"
}