{
    "computed_rotation": [
        -0.6089224365627387,
        0.23629720048796213,
        0.2741684296479868,
        0.7058390549384514
    ],
    "true_rotation": [
        -0.6089224365627388,
        0.23629720048796216,
        0.2741684296479868,
        0.7058390549384514
    ],
    "error": 1.6653345369377346e-16,
    "tol": 0.0001,
    "passed": true,
    "test_type": "complementary_filter_update"
}