{
    "computed_rotation": [
        -0.4231348791183002,
        0.4867129847669592,
        0.5960487806189689,
        0.4783233170726884
    ],
    "true_rotation": [
        -0.6089224365627388,
        0.23629720048796216,
        0.2741684296479868,
        0.7058390549384514
    ],
    "error": 1.0160692468264985,
    "tol": 0.0001,
    "passed": false,
    "test_type": "complementary_filter_update"
}