{
    "computed_rotation": [
        0.4107971784751988,
        -0.20531511383562612,
        0.7877884401121734,
        -0.41046407371791793
    ],
    "true_rotation": [
        -0.08652688291233401,
        -0.23466236808500984,
        0.9671190747074023,
        -0.046123387509035996
    ],
    "error": 1.3086729290756398,
    "tol": 0.0001,
    "passed": false,
    "test_type": "complementary_filter_update"
}