{
    "w_error": 5.780851256289268e-05,
    "t_error": 0.0012194821514245617,
    "tol": 1e-05,
    "passed": false,
    "test_type": "solve_w_t"
}