{
    "w_error": 0.0018610129736555568,
    "t_error": 0.024528400333311124,
    "tol": 1e-05,
    "passed": false,
    "test_type": "solve_w_t"
}