{
    "w_error": 6.216025217875883e-17,
    "t_error": 1.2831513977144894e-15,
    "tol": 1e-05,
    "passed": true,
    "test_type": "solve_w_t"
}