{
    "w_error": 5.348802606553395e-16,
    "t_error": 1.5161761050816639e-15,
    "tol": 1e-05,
    "passed": true,
    "test_type": "solve_w_t"
}