{
    "w_error": 0.00462848560795312,
    "t_error": 0.04684535534309668,
    "tol": 1e-05,
    "passed": false,
    "test_type": "solve_w_t"
}