{
    "w_error": 1.7772239894833365e-16,
    "t_error": 1.2851760658783268e-15,
    "tol": 1e-05,
    "passed": true,
    "test_type": "solve_w_t"
}