{
    "w_error": 0.0014243243737644192,
    "t_error": 0.015525556846266796,
    "tol": 1e-05,
    "passed": false,
    "test_type": "solve_w_t"
}