{
    "w_error": 0.002538630444731534,
    "t_error": 0.03088989475594733,
    "tol": 1e-05,
    "passed": false,
    "test_type": "solve_w_t"
}