{
    "w_error": 2.330476870336199e-16,
    "t_error": 3.04301155450689e-15,
    "tol": 1e-05,
    "passed": true,
    "test_type": "solve_w_t"
}